TP,TN,FP,FN,Precision,Recall,F1,Accuracy,Specificity,Model
229,13,51,17,0.8178571428571428,0.9308943089430894,0.870722433460076,0.7806451612903226,0.203125,RandomForestClassifier
191,26,38,55,0.834061135371179,0.7764227642276422,0.8042105263157895,0.7,0.40625,DecisionTreeClassifier
246,0,64,0,0.7935483870967742,1.0,0.8848920863309353,0.7935483870967742,0.0,SVC
218,16,48,28,0.8195488721804511,0.8861788617886179,0.8515625,0.7548387096774194,0.25,KNeighborsClassifier
232,0,64,14,0.7837837837837838,0.943089430894309,0.8560885608856088,0.7483870967741936,0.0,MLPClassifier
224,23,41,22,0.8452830188679246,0.9105691056910569,0.8767123287671234,0.7967741935483871,0.359375,AdaBoostClassifier
228,16,48,18,0.8260869565217391,0.926829268292683,0.8735632183908046,0.7870967741935484,0.25,GradientBoostingClassifier
229,13,51,17,0.8178571428571428,0.9308943089430894,0.870722433460076,0.7806451612903226,0.203125,ExtraTreesClassifier
227,13,51,19,0.8165467625899281,0.9227642276422764,0.8664122137404581,0.7741935483870968,0.203125,BaggingClassifier
